Actual_Price,Predicted_Price
350281.4847182977,316636.89860441285
238534.4032266508,245793.09538071085
223550.5274134367,222084.40794649773
233196.89766348831,231463.17523018835
387859.7686665525,378538.8751703437
80705.99782608997,126495.38114013367
210892.53494765397,247179.14666239556
157576.71837804245,203474.0245347527
260014.39324148663,248667.62294848214
203015.42679234437,204065.27073993257
334179.3546624807,377987.3833011413
298794.1563496897,282621.8075534983
206402.36185306852,204829.151437059
385794.2315395361,396483.57104955177
412619.0699953844,398929.0356908058
169183.19074930216,152314.69469614603
348084.193219578,344161.69437767816
207371.55097967008,198767.15235060983
299648.39557513746,318074.1501309024
296481.46281260176,271310.8261654626
147591.96296624574,167839.5932801933
209835.71891404185,236214.42509817725
220858.41146994685,233618.8653636253
330125.0575269376,367117.33185248217
169589.36496465528,161367.00111937424
43068.77292552664,55066.40168235195
338280.4240997625,303290.03723557916
285800.6795735557,306085.33738437167
262091.9994469184,261275.3558935339
325678.0832646373,319955.24221936095
355297.02955098083,342249.00443308335
375992.22050538735,387795.0182464336
387894.7898569238,400350.64736597304
273248.59859815304,265974.0949792754
306099.69459681376,295412.0985593613
207257.83494903852,202967.29944483488
385622.9356793213,409599.64018635923
315937.20880451414,343598.97176599817
267844.1018302044,251262.5142549932
103085.10093780514,87273.34327754582
378083.9960379953,359837.9201327668
248057.74910620705,232912.35950649343
169624.72121943283,181583.6702535372
208639.3718263437,209751.0938830757
159779.7937453535,145719.91023257296
241236.4111598425,261621.6513960655
390278.17370924726,380998.3211828538
220122.46464351696,227594.9190149139
387341.3774845744,396460.3750371564
504573.9215832664,497748.69972929795
140162.40030667384,160156.11152429663
295777.46074092924,302085.51770935237
373311.2235998687,385909.39891781047
85584.2596871536,124850.0659077871
280679.32219287124,308647.8404610584
341983.40024856664,356490.0090958684
156732.5361051028,168621.64714652018
343647.87933172006,336994.4624876761
377065.2634477866,352548.538372818
285324.7445462087,293813.5662908316
383886.55397014855,382884.5517309745
376813.7786254958,374891.7703830619
217996.32909222663,216878.34720374682
261282.67570517008,288536.843442344
208166.195335285,206078.36802718748
380446.6276233392,370872.5540068675
292176.1554715813,315742.5260800169
321016.0328536332,304618.0751959758
259893.98827301263,289152.8076029854
183931.90640981263,191759.57279127353
172777.09669654825,189577.52720337533
234294.12846259656,257783.6732864127
242877.98961908388,237749.14847147936
287855.2097950679,279398.2974483445
281431.951779949,274925.36001100653
229042.77928795893,242110.21166388816
184135.81087359253,190777.60662159268
187984.55350209237,189825.4313274871
274720.3459835208,285946.8325035124
302058.6025481228,281887.91167605505
149393.27324027516,156198.35837270058
268447.80226898554,284339.6223052092
239590.7183426814,219912.89024560596
264869.4919703204,270974.3628265371
229061.92988243172,261848.84892825858
319529.09405601333,277537.97655650694
352356.3315147159,328169.00627574977
351944.78400483617,333992.816464157
266671.2652459707,262023.2318586649
260494.47829629955,230927.73863158442
4072.6473101958313,2573.366012315091
218403.56154927303,213404.71267402027
235858.8313083,254982.0364098063
267222.309515473,250561.27009778834
206552.65787957708,202531.55508763902
178210.11649320234,175180.04440973199
279407.1855198544,282617.3590582362
401647.6882037106,400561.3148700438
148426.4924897228,168672.41775370968
359604.5432599433,384300.26449990884
284218.5635890116,293649.53373049747
337410.4038597065,307054.0196225375
186214.51624378128,190249.11082288134
231392.19726564037,252790.69088949697
188536.7246840296,188473.89075984695
237032.5045202417,224535.14046321902
428238.086169655,441321.6218281985
442326.94525070017,444114.9613015636
185678.11440592213,167856.36459326113
295728.642815328,255574.49533095275
183585.29438180663,170499.4552201005
137364.54573410534,123696.14924653637
281226.7350219127,277563.82561358233
161121.9804962126,174254.1602094407
175560.35212043682,182619.37928564902
191582.0811323385,224536.59696133612
238536.57675784169,199176.5063400647
191169.4178334334,179942.2094358543
-18348.20749574236,16018.393271300072
144165.86362217736,138520.061377092
303830.83083543944,292660.6297791627
391132.7040891744,373809.8974484374
209060.7940177832,197891.32949519224
349859.2826012136,361951.68680390966
183307.1556040457,218246.03141719697
236441.4300665928,198009.36487106635
317895.7312896464,310422.0078023776
285947.89321938617,296620.98471883964
272118.44903689955,263023.7313230733
212291.4221342875,217195.51079666943
249373.3719923007,267565.42356195603
253508.0455759511,265961.55927345646
237111.81821639143,250050.3090822495
331766.4241236918,331613.1769910646
256987.0899172753,258335.13871024165
363498.4513892095,349918.8753387175
285197.935065546,286378.09270206816
247824.7442510801,260633.2622033329
182908.402066751,204662.6563586715
118096.327582625,130448.16766422304
436811.4119468497,426309.69115915307
293926.16042198124,297119.39501113025
319122.6887361036,339235.09449153836
113550.52482521503,113445.25472667534
133640.28091225468,143087.77293262322
274474.9974122381,298075.5416154295
286601.0789032377,290973.9621347199
164550.07208521973,190093.0719553773
346409.23280652444,381575.00832413975
190796.4453486979,208031.2420829814
409281.5771293459,396710.5140905832
314638.01150731003,321603.2709617995
328893.48068717995,335583.98556749005
305053.130166528,304878.34096980875
315987.5667233429,300156.87748605164
162208.327140114,159186.92365011206
227391.7999403795,243459.6110766244
377732.4725155247,379705.22421667125
96198.04066242934,117215.36274584715
136627.03109551626,136030.28692442251
298065.4494967009,296667.8651351398
246937.53134244296,253771.70731959434
219201.65379988743,233075.85220685843
209023.50932111905,209362.25529815632
285156.31042717345,262778.70645130874
367053.3086389484,355116.70833430946
229753.08767619924,229208.01867234902
121555.2722980228,154484.92042571347
50500.194996327504,54988.58841736536
170075.47723223205,129535.10737388038
266260.53104627266,267496.7550047216
279828.8212928325,296344.4166719356
495586.268230796,501556.00154989306
410832.644132795,410942.43673335685
256573.4216532784,264427.2697004743
273165.9192666545,250722.76227003778
409574.7179120199,403540.09595559974
29605.901599246987,35218.24938300032
174147.03190754642,182771.11052020107
253462.82536027743,259419.14270799063
253295.56323796549,237646.38664359812
189591.52639572727,177997.27483228824
158837.48865367126,173997.04240250966
270211.6131260706,272751.05939683836
245532.5002208028,196493.7922491511
365411.7040175657,340817.34081895754
328943.95675807504,329745.2040420758
436903.4441561527,430997.4947236825
342002.15000556817,334083.19934699807
363360.52213320206,342086.7661084618
260474.73271108684,252261.92006141387
243690.99998286547,230169.75194541627
350655.4877077542,340780.1901716339
311963.96565557644,284981.45111534605
50045.72791803056,76086.8947746813
182858.16476773887,187199.96157342038
311849.17462706374,295107.06166500435
184218.93928863088,179419.64817908633
289616.7087254008,298990.8864415227
326710.3391996644,301314.82765114243
115523.68997565129,116138.90306135672
201572.98318279145,169170.81407529372
316152.8303865313,294262.91687030235
305848.66272435297,329342.40411228396
235835.82642001487,248846.95150802576
225738.66835377068,245517.0993274381
189215.7900325392,179475.59969817256
104156.86206613688,126025.8776968564
441234.4790798229,463862.8801095099
363487.9754225282,359537.2018347142
44223.67844884525,47686.5603342736
215923.6415947007,197316.2686817839
346575.1389854271,344737.77617083245
322096.6909789228,339481.819032028
203612.76275756623,188636.79493309543
361773.0371558202,310686.18912875484
32315.56360412933,71326.97588252735
223289.9346495969,255163.2773145258
363685.2804929779,371575.2693241553
303094.7946205448,270752.805092635
242674.58099542325,250371.87094169357
310154.1483942236,335314.0503281926
117424.55401175012,109763.53858740606
122658.00895498836,141951.54872024013
257933.7476791278,278629.4180379318
51352.78267245131,43946.999020023024
412467.4180586744,375994.7597658296
302382.9464618667,290129.61466226814
404709.7920689993,424915.95011478354
325910.4389724169,318051.58475186944
325542.94061466213,352854.2642309424
345145.9236872786,351120.78823608055
243327.52049255,216753.59927395542
282309.4696140717,309453.45271528704
373663.65912458376,393482.48294320906
312129.07837881346,314997.90346097614
374328.2843762261,407325.7647764542
449961.7268177868,417620.72290711507
270544.1012760763,259157.2546349773
167845.46732270587,197141.66194434778
410364.5720545754,393677.34901460126
120490.58023555782,114092.11009734121
259607.9648648208,267145.08146962785
202080.4802528646,192101.01559871042
85800.67914254041,92874.43296740988
436230.66018061375,422804.3639301614
260019.93814560035,234841.36711359152
95291.4196227878,90144.8043801731
354840.83731537435,348540.9962616096
208432.76018084155,190914.37918612998
318719.9029221587,328480.6750634602
225385.71532930213,183274.45668918203
312440.06820951623,322676.11479562154
433224.2157823114,401153.39132846874
340147.3850331274,347694.0285377464
198216.55933628263,204427.62889104322
184022.43546112743,174768.92548068377
275949.48360825493,270417.7522445673
295965.053641591,271545.8818925068
180787.1255158465,173757.8108421985
257952.49824731637,265430.89245873713
216918.9166102792,206024.52639281392
286281.433014151,286200.9713988661
217223.28972435376,222305.86387145947
67501.18971420766,73846.411248146
64228.6347167892,69851.26690311501
-36691.55349003964,-45605.63519564485
209062.63927599168,203388.24315416144
347073.82549682976,300609.8840291558
107016.21356613368,78059.8711286069
298199.69339969405,300442.8923506829
388406.2199949489,370220.08240680024
203244.25899447463,199316.43599710768
460222.8209106056,461127.08845810924
265843.189577299,278613.6235688732
118934.73845675508,102669.1962183898
225180.00645459845,220683.74608132394
383154.32565412094,388205.85571925325
234522.44402284108,224845.93143807858
288118.5311111029,294851.0175628449
233451.0804681654,224322.2089851324
268809.2235933,250004.76359534299
238646.79707603843,217931.22231860826
335807.70046397205,337608.1183228079
123008.07562567302,127641.76186162145
345087.0468170837,303836.5168483083
165961.5497210893,165597.1672714594
293955.1053139752,312417.3201172631
313032.3776493466,275630.1797231571
193106.9651471733,227632.51346761396
234673.8994329139,232450.24914283835
242223.70076530665,273368.3379968282
272220.98424737714,267384.79877756967
287078.6440712724,266463.11762281856
259880.77977656815,271799.79685489653
131591.59084908277,159263.12586008126
251403.8514256781,236163.68778622017
127124.04240272276,148959.11900668932
521230.6810578788,526315.4880763202
342591.12670551264,340777.2016282006
249083.97079314257,259909.8443136636
239344.252236183,238137.54737588577
275509.8951855788,256325.7922672402
271292.7022835668,284227.1832020485
237507.109479007,234100.861943058
292270.10713740654,300538.1391103146
278579.55218754144,248098.3908251904
340709.3015696716,342142.94501756225
330194.5223830095,327446.50170041743
308689.13718139165,302020.92540781415
148176.11374963453,158326.57061362907
198196.77885140243,205259.0927225438
406577.29713354295,408156.56377743266
363757.9472738503,348317.1502348019
356535.06157547364,386767.9283685316
152031.68159219765,152707.55213351105
277522.7288955323,264585.3440268798
181539.00930915703,190347.35173004004
176598.7421868251,146912.97141488298
73867.97408214232,113210.23766660529
121493.03723322044,132597.76379693858
168311.33540095622,128980.80860496046
212465.84311619017,217887.13247395528
473444.2891020044,458370.8313466068
384212.7352395536,386061.6362476193
170183.28972708387,180153.57263855348
257493.5851579337,255013.09044252007
106542.53469562602,128000.03880296025
240667.25770642824,267824.0088190172
254494.97029476883,235526.77581183836
268716.8176674465,254372.80616732495
384481.18757368834,395398.2558399372
180334.2444955999,172643.33626646115
270521.86081877,217684.53059503713
425409.557363635,445847.95228263544
313418.1464183337,289832.91150743514
84634.95465723984,70689.53817953392
162643.3429344396,188436.40211696614
263966.73608704994,265670.4240817328
228294.5592239082,223652.16241870497
212586.64144843604,235447.7195733825
152981.59952925227,164176.53332696285
285960.67593848146,295144.0329777509
330752.7108708124,318016.96679712576
164496.33886066213,149058.92363619048
174047.96866037443,183276.04373433127
379825.1896565441,377408.1496057231
337061.9488174027,322129.4598759851
389348.8047676812,363729.71627629985
295066.9382946327,329473.6995839949
225267.13960087372,252630.9636274448
335438.8367840118,359548.6401012337
461347.3328401948,432995.6488446036
364970.4208628956,372056.62472074205
216667.04817165775,182818.21135378783
306353.53691313777,287740.6974066201
262069.23597249325,265837.70324178465
91253.81378923693,100362.44221085889
326197.8598080109,334943.583884976
221338.71366700387,232044.79127227826
556014.4765552611,571576.007876307
363857.6367732724,339958.74745511543
34772.770224192005,26124.958439692404
411307.68512048153,376562.34373948677
197822.64350000417,197331.86624295465
392204.8677848555,384171.0270537842
522490.9153592365,523276.91445635963
140728.93279989407,156197.05871213938
310904.3852126906,346822.06982231716
265817.01913612895,262387.1729762567
414137.7861934191,435945.7130334473
336805.7533035459,357990.8173740156
183080.36893298148,147245.3380550634
373562.294449981,358227.99554990086
213850.1817003785,222355.3902786742
382484.566912082,388789.7768698247
125858.47821477387,129151.60831162686
305185.72889920353,308550.7728681288
329449.3837742167,316296.0024894824
312679.49536039075,272550.55891424505
282752.5196437488,286637.1944603287
217797.83647612887,234545.99507770853
272208.12665178627,246536.8089631542
413541.2636597012,438988.80013793067
284492.1528217467,261563.76892071168
314895.56260798546,341735.8279047022
193504.7043302513,187164.696895572
275788.5308630619,251432.38041817583
400497.2700592458,375097.7674083552
272919.3524314716,265577.80552330805
203400.06302037503,211894.28305469276
226349.74254086535,226909.47961604546
226148.74634100235,239344.78024320694
172195.18101382893,168865.46925034153
209489.61614618872,199082.46442772652
300933.2885796701,309937.16840143804
290357.0688177735,298287.30559997284
221300.7910652844,228648.02339080774
135529.34271082832,111431.41002528257
134152.01720673373,159229.24086689332
171103.76288974925,166323.39471033623
224631.42619521223,235015.14367375537
188521.79731967163,208340.81975755858
284301.5874526317,265496.1931834355
362276.43670828285,364122.23762889934
235693.62570667025,242922.6158261787
313091.0970263869,334751.69313345116
144945.4921033775,145135.72097101714
155852.12892291092,153125.22543796446
244226.38488967204,249968.56129183873
58964.83772619673,44086.36910187031
237090.94388901797,241706.75736842517
241316.97764280727,221752.94239104947
200942.54813913003,212685.4305510232
375162.10844832135,356191.97163627256
335684.8633237199,342823.1626703443
185103.317395477,218450.6376231959
360453.7448767747,354865.612010463
516948.0162509117,529880.8324340114
493611.2210510992,501418.6998207256
204316.15209326692,210334.30090739293
338560.9533540182,355481.2824877951
290294.1473548388,306954.18915957864
276581.25022617506,274666.18721364776
322275.7581392458,324848.49878486857
186814.8454611572,196480.95703082535
186514.45252237847,198439.34465594342
283404.1366736344,286191.2306378413
233178.4782400439,223439.90292335305
32678.35253521388,76304.53510870515
381951.9326591381,360493.94538411347
222670.05933439932,214386.3592490799
349205.7648207879,352947.4093057919
418182.8688468343,422000.82569046004
227483.516656594,203441.9733678454
193535.78335412976,190061.69854026235
293898.7974928046,303149.46645247546
221961.5159379716,220900.3563220458
350289.3401721865,364932.04266718525
455871.0382864373,437875.6652644559
224973.86700329444,249042.83639973434
260303.8794568999,274352.65891583916
214700.65229485,187288.77709691244
188330.85736788347,192904.6197531345
208425.4442045215,181957.89383697615
129875.74974941852,116696.01565765183
333960.3710011082,346464.6323726051
186958.1618711197,178919.23724598947
143500.4194550143,153563.23437867902
379072.6170172702,378434.67803288886
-174.81593399882695,20384.028719751346
305278.40803791344,303909.90325885714
262478.1065548455,248958.44578183957
401754.80627787375,397276.55347824725
359192.3207834724,331370.38967674243
163850.68229271096,180690.80814688542
152959.5817005715,147705.62663439504
316671.0748875283,288006.35532400286
469257.4846098072,449412.7035176164
264301.6470817431,288454.5165749354
99299.71519489844,152213.3734980778
156110.29836403287,173401.3048003837
176854.5694380734,158360.7101548474
259158.58770559332,276656.92264411866
162502.94652318442,185345.09756469447
138575.42430064612,163006.52422743826
164154.544355475,179060.55310614483
100957.08710544984,111004.67168108482
139617.6409914879,197506.1895838098
111322.08825375188,131622.55575062998
298688.7369171131,290257.0456913973
146058.56313923624,167850.00174332506
241358.07589469032,261961.08639014594
287600.2806876518,263755.29718173627
226831.05644267309,231160.1588869418
384605.52058483416,385343.5419523965
319164.0239845023,291440.6155925688
284004.6232870349,275252.0050113197
274061.38932444353,249839.8144987934
358081.9718938145,300370.3904156557
364263.8275795546,339145.0882527875
355111.4684588738,358641.53839009826
302310.0454008471,271201.8199787409
215487.0335608731,233107.90407939604
207437.7749252878,167821.59086917507
334076.94676905725,313092.5971766292
359648.2473259382,346368.07655187143
429936.8066781833,430818.19598562556
309831.8315759955,295844.6472137215
238335.89105171047,273954.5354133645
59497.41493642518,78775.78070795372
245617.2835689172,239973.50987453872
33483.73854352476,34746.24291152316
226902.0043817185,235770.41539014902
129708.45254080908,164158.33541698437
217137.05614371935,218252.28208298847
368983.2237110757,342808.92645282083
336106.78881384025,323030.62068419333
270024.1292728074,271367.1971445643
291932.22217360314,291819.0341215474
385572.2454174621,397302.1478045901
95999.62610302764,86293.68931916491
401503.75341880135,433866.02553938946
223723.15511154092,210142.57692781973
126350.05935272084,119618.73394839598
254161.8083019408,233400.96807138986
204188.6497743973,198845.30049424613
277833.8816723951,284279.2655844803
276465.1080370123,296822.304087157
129107.31039106096,118302.52596509928
284690.7893390343,292355.64990057406
313233.98489809985,276502.64910502476
272397.103561709,282250.3115319644
252929.57670306225,232701.48098056248
88221.71649266014,94222.30313306014
305680.7307052666,290635.68121894414
374542.18531023216,346527.63563872525
334940.5945671717,329812.99739336397
305917.0486725113,331472.93389215483
268892.87241635105,280103.30890149745
85111.03443681105,140453.59285371687
292443.6516734842,281631.2070923484
296999.7207323759,300008.20228716836
429992.18828122696,445742.2212375532
277475.4938184718,290504.47480252164
313941.82394621306,310955.97295124666
147795.63746718958,156000.71507883706
169499.39147725064,153298.03880705027
134118.21478958803,130814.06924397574
437715.1712460808,432714.7522421404
40500.616695856734,64705.71218034276
355339.2676391782,346715.29694999807
433170.7593227837,387195.7117325644
335331.2965374004,327504.9902398749
250618.79235145205,238043.66876073068
232804.88344325245,247095.66752147453
196813.7983641692,219815.37941491438
345489.4926332626,331124.22772415605
362000.2763569131,350259.57539503113
336897.51783036086,326349.9284512676
318244.3760393287,329350.1405014675
153121.4629979603,161157.49069430627
236979.9443123285,251151.72234948425
266737.42456207826,278404.2557529071
424498.1243157749,441424.09976657457
189427.96850549176,172868.1883988963
305063.31168839545,301768.73907595285
394505.9667000681,393602.23050026456
175961.4055306756,180459.499980744
295331.6199111166,289828.8369640652
217506.95275907923,217466.14043928828
188237.44916509703,179958.18205597368
403365.8377764531,401399.33969490527
321164.53854954155,340371.12994710397
276584.73393903667,309514.1098495787
103438.11989677812,95941.46577575614
309161.37351505243,306147.6582721097
325461.42724796536,332253.4543676783
343843.13322148257,344268.8202879253
466201.4542154106,434387.75729976775
365872.7810187019,342058.3127459803
244596.0087940544,280334.23764745065
264984.16626809706,276920.3543570637
169836.52569634985,169223.80845079885
170666.859291254,161111.60323992991
276472.73599159444,271771.5010242899
66978.99803415411,82184.01791137313
172792.7224080074,174518.68371462618
78099.92204527123,80238.73222341492
367857.7400372376,366038.9023702077
247399.6942785536,225089.55573087634
169592.55710519958,158647.33842962823
224582.9943890125,235377.8045261907
283866.2766377994,274789.54203710635
226353.4212901339,254143.5758250484
303141.4030808156,317009.6453690979
399965.9775520728,395488.82326994586
116882.8864599542,137168.53612915555
217156.56161324863,211431.23343717412
359618.2854277401,362630.98459122254
311142.5729367697,286281.38124276814
259583.79615763688,281865.2961795897
412521.1566376996,403143.5373551929
173925.86572666923,175540.55185227506
137461.57080955547,122407.50611772893
288629.07192547154,276643.61209378095
302573.32378890703,327585.501130011
153391.12395058453,157898.16126001647
370921.9823882667,373094.9905002457
207375.84810386508,237488.96585532805
290437.28767888946,316692.6081566838
226133.9620442124,236011.9433953735
442237.6545300679,435783.28615773673
319065.56190917094,313763.24422699446
256753.6554450084,218446.71811591307
207434.8361975287,214122.56804797487
83692.91739015926,126482.6579136622
200374.0904104343,189252.66438645538
406303.75877551,389366.71121409535
414349.7006178804,401706.6527229774
315329.9725344978,316149.37298235967
23011.47772804495,52330.75195449304
217321.59981443477,186908.49805475975
189214.40412320115,184637.11923465045
320500.59606883826,331831.54625516705
134171.46079482383,139610.58197538374
345249.062773136,358836.3162870555
282228.77492200333,278313.5233660436
202096.01997022668,183400.5967355568
497813.1017350192,466428.96366972127
184880.4575372612,186527.20269844375
360535.22065638704,330909.9991713862
113368.88831115833,134586.51144618035
223383.334830338,233944.65496938283
174122.60673422087,130985.97432922415
291942.1035565026,312841.8631315131
386408.0430947066,368664.3512467442
352924.08178236434,335770.69119654066
180350.9543349908,180223.80657444496
337640.25198727736,347099.07890137506
125097.1378490306,126732.35739583329
355745.3908941297,362845.20655637066
365213.3185634368,355970.4852226413
264338.9089172366,303253.14741938596
387512.28061958624,406769.1647628569
433095.2792919254,428916.6818168495
334409.2334082544,323214.03313299775
164719.7644458761,147014.11547253368
395615.1461794984,370573.5235240918
233478.14081991365,224938.65394863475
143811.24193064013,139500.2498000816
443356.27902576834,426058.9968210174
310969.54432464216,319773.58047955873
344198.7052135662,339678.3999768831
276761.7860794185,263832.49618733075
195479.4708867132,190023.9924699113
171656.3277666,201210.95977451693
166425.48792981092,197641.3962452101
249969.6149529056,241340.18281997985
269272.5976697087,284165.170663285
197411.2039239084,149391.30676266612
233299.8096998288,250296.98137680657
172703.6169500164,200543.53202816946
156361.14780690704,165356.03165750406
375088.9034092616,366100.0707422839
303537.22433421254,337643.2749803737
415633.1695249751,420599.9346820616
158216.87278431634,121758.54587004859
131755.52231064663,118842.61102493407
210300.08423399,215925.16813780798
399026.6462740715,380824.9171467602
262007.1391163132,250443.8862585356
461933.96097486565,454345.6179691378
185988.74215281548,173191.85124182675
403282.7770865206,407113.8695388396
345980.2418101749,378930.6134253744
384477.7014201558,381153.80318858894
380422.1636518705,369581.9311787327
383081.4889367296,356409.1974073622
275488.0653789339,239914.48152454288
216980.5999689191,212499.270318468
212436.6219298664,205465.78290003884
440691.6710713848,415724.53289216355
289313.84286935505,254656.6151428244
390099.59650073736,338516.8060402369
127841.82392428156,109015.42655621431
342202.34325810586,292031.4182439922
132211.35456132924,134961.683151824
254591.4616581188,269264.8970134812
241886.89877856532,229238.08857116473
225598.82643166676,230454.44505671845
331985.2720879952,339356.4683796456
210018.7371669537,202258.97748180904
269042.4870785904,253242.0182522973
321578.5728402276,336838.9411626589
303613.44473467674,313787.1245357948
318064.2495511589,322801.09777743934
349052.3508654369,342255.9495290564
372154.1351747703,369417.7893606137
309902.5133152208,290452.4618686504
241568.03202172325,261914.07729334326
243125.06844413665,259939.00885857246
285580.1724449342,294890.0089268404
366898.0453632872,367350.71511960874
230386.74314612627,241607.36849210438
201380.4656509921,234242.37350096984
233111.8453429305,205951.5687088391
198994.80590724872,223097.82485163803
280578.6026822013,264974.3338680339
140024.02150203165,146195.8779634559
214668.5666072659,202059.85827574146
281295.2864183544,268494.71294768585
320550.56530826323,305776.16734936944
350008.6619407119,366658.1965609205
328603.34243834927,324506.8159134255
79019.81414346656,87651.60550701676
302177.1850561629,277783.41571676097
209480.22436159477,214837.3711339217
311032.14292066195,301920.60782845435
422467.07639065664,399859.3516379497
141146.19987110535,156672.07964530928
222293.0146506928,245100.5245277242
293825.49323853984,294669.6802371706
533179.9752827905,512536.34341728507
203591.11343933,213523.33973450848
88768.61326798821,83314.79942840175
128833.68948413628,127944.0936058825
369427.2509201281,378865.20813172194
232878.3505215976,218142.2177350104
146341.44651383988,144678.20024143215
208692.99120718957,213757.2047596007
288196.5698562046,284926.5651327568
66409.22729484375,54122.78468320309
209266.15107439077,227281.06130395524
359365.8309386316,380200.42511146725
346968.88521806104,321765.9360220044
209026.71634502013,213540.84738817107
371383.2054301343,362366.1776559944
336445.50041319337,357439.6986697835
292453.6578122545,318807.4837658895
239057.38509352383,241003.40721831884
294916.6321531359,294847.4252349751
284257.4999627426,316219.23478014127
343233.4245357531,353328.23245827906
231553.33092194112,209779.28004375665
364675.5710806678,349347.3086659185
270775.9369513921,280596.0233531932
397055.8719714717,418986.3310350466
240002.5778091039,228883.78933906803
181711.39194570587,175837.2810101174
294726.44923929794,288260.66008610936
288610.40812309383,239191.75058855166
308166.7854395765,301688.2694413248
203782.35840672892,180702.19670574175
216171.6487564767,245565.68722932736
272177.81518141046,242486.024110837
309737.29334530217,287514.03964405216
132305.65794645716,113726.16732531085
458054.8059226857,453638.2509473114
1876.3214905260047,-7194.320648124049
397202.5068794393,390272.7438997074
235707.96316422132,216585.29801456293
425868.1371089624,437946.6930615409
200558.04860558728,191980.33666002477
246122.32764017416,234556.26611684583
193114.21054365308,175504.44206366787
191328.14552868943,154193.87340553405
391963.30574710894,392550.9775256993
347541.2738324672,342057.0373215964
254366.8814608756,218803.09240786303
265033.4892422968,271970.1682907944
223143.98160542853,254036.9431626299
201207.79021437443,255919.98101798576
257789.63016249472,237169.47264326244
343667.7927222204,320804.2950025573
238673.85482457557,230486.49856849195
462503.95546624,395019.4005296351
83077.0555095525,100042.03714621539
302920.97059000586,337089.1076319939
372133.7529604472,375578.2226381044
343514.80726665416,320159.176098056
330900.39105512545,320520.19585368776
305342.18432753056,301127.24831688864
89043.45678527845,113396.77536438359
374990.56692988286,354038.6516434209
213486.72673908056,191440.945134811
150544.8513159666,169898.10003624664
221185.6243412601,212628.0381804284
87181.25595880486,102618.8988628867
374020.152738469,342491.0620144334
111180.50381808927,132954.9856097943
376398.19598962495,358242.58787598024
368402.23872227926,363516.13828608603
308219.3023477709,312637.49413200613
244834.3003573469,228891.8291627543
439331.5501978488,430929.57596556284
283041.31166628713,323593.9908721308
345721.6597315494,369884.84576426505
390509.5236602279,412400.51668097137
527560.7097898062,542279.0742870567
301090.9845693252,271319.2113351755
205449.65474402255,189923.4191452715
260651.4652768606,243730.8186236996
252325.68324532275,267955.2399870768
371424.16335496696,376653.37812826555
324027.9397131817,343506.7556530794
221441.34217735624,216947.36733730696
243009.1196698449,252010.932740918
361103.91290160513,334990.9310796567
205379.08798560535,169133.01963543773
121920.2091663377,119801.21823585172
265848.5385025094,281810.43222858384
159717.5368722422,163770.1228998802
182737.5190772504,153214.5725852376
207965.23253841512,218520.80967089435
10800.86527463669,23377.407564941903
293409.92876937013,300719.2454549302
252719.338235374,251026.55523366475
134276.60736009624,131630.64037759547
226064.75058491103,247297.4187723354
300181.85234411363,283842.73201803776
139697.12689325528,136683.91078974036
269519.27180323657,287551.750939638
353715.6550288054,357806.6662594505
100859.83231848068,135600.1256464203
309279.7002184097,280159.10750199214
303375.81047465885,283238.92887394474
402953.1641964685,365571.6319513763
247343.25110861185,216552.31656559993
66630.54585074153,115241.81169839294
569766.8748758186,552017.1144681443
218843.1054926557,230350.67455008964
199017.7994936387,181643.21500588153
137020.7833313726,168690.36923844015
176229.2409189419,188976.00591897778
243965.2251526529,250898.35896144164
-23003.896006185307,34460.17125298997
45382.77880446351,77824.40040262032
338193.7913954031,362623.69422611076
330183.43598454,323299.1907193312
200441.7854665705,200309.8911448619
394095.74580447655,385996.43525438703
164555.6431906388,186900.1715875604
282546.5873025333,319849.86448024865
178899.76490478587,137163.265314151
345396.4332687893,373841.38666365005
306432.82712647045,283664.70254770445
242433.38760758872,209287.14036738154
296636.59461401525,296560.83636165195
196267.06437072015,225882.8539174911
286201.4034505627,303292.90728875244
85119.27922748908,86605.7325726767
141013.17396342213,137212.83079376636
4627.686345701295,-10052.667549777078
277305.50319800805,286812.5806520077
409760.05845782056,409114.4177722456
234580.13000294392,215295.72208713167
336433.15035485954,346909.77627383306
331721.92654952104,319651.6472625815
219824.91697759624,245175.16629882532
365641.38036129193,334055.2092268417
161271.89004935118,147518.35318615442
287111.26972181234,317704.3560287147
323726.23526623903,301156.1093195773
197766.535919463,170075.9130089576
256950.9331615093,236652.63561826624
355836.7678504422,330116.84912590927
279885.1584476169,296004.26748348156
265359.82388244884,269461.48206930555
207944.38668974277,179752.76727406625
326955.78322938393,359135.86924746406
168604.9378081089,135203.85701001747
317318.9501539757,308479.4650046931
350435.2083189859,342914.77191894944
129395.27072545068,154511.94688489163
158905.0705554749,172203.82167675594
163610.87534646364,156126.6884572409
488610.3398024181,502810.05117818667
264437.1776972593,245064.84829081918
191449.60282416723,197267.08601848272
297833.2550408057,288771.76574545755
244189.61870712816,249804.16637879316
390299.47861613566,386784.85034596437
286102.25870188704,315830.5773878507
338677.5940571733,329870.17883174977
279962.20704466366,262507.8679083184
211603.6310017023,235415.4490621366
353554.6309751284,333096.80455946847
144781.8007477695,185645.62372562624
180708.8276023524,165169.3563071146
381599.8408715804,399305.1254498675
273215.64901347255,280342.9916310924
292278.2116773713,281373.2209047777
346546.1586954658,315356.6209571178
165681.04341248132,204757.3445779788
449598.6379405576,409615.1725259503
106848.85814763908,110868.45108530308
134039.7135941828,133066.48796043324
353725.5968162125,354497.8589229348
371736.8301738584,380699.5073760076
250907.33510093205,253279.0716688468
220186.3497190579,223092.69938087626
204291.1342506892,208235.1751458261
315579.28111243044,307344.7736189158
462524.116354427,442024.101339824
195157.33341414464,179911.75391926646
205324.97296257544,208634.59320750015
186018.40383294583,175734.81067904708
245459.14301730125,250380.4324610182
85348.60808775453,57436.56286398222
476794.2068346768,437918.05179703847
229397.22141859037,247243.0426791028
365641.6471927101,367440.04900209507
304433.2799183309,290206.1784085297
3822.440987105947,40900.250734620175
191209.35904835592,202317.07691809407
294870.7125892929,300099.8103789798
389819.48382496,391870.7731847491
399413.6967308371,395983.740982832
346249.5503967535,322526.60003047675
264475.031427072,241081.11806215078
317897.5592826577,302953.6616497093
257252.39375903324,275708.9358907154
230785.82646437205,203464.66274849162
277241.4181920733,290426.1815309266
363362.0239273622,361936.42212285404
264963.53255416645,246864.9303963441
256941.7973037604,257143.69729689258
153691.56424967473,140390.29198004125
312076.95601694245,311768.551197733
160954.76203436384,172849.02697410507
206254.68999850508,229247.23930724876
318645.9325766312,315294.1954091199
86720.13300580968,101118.95641230614
140659.6452994022,151866.45556896817
398390.5438160044,380103.25963309105
427205.3969742369,410104.05819694593
427938.8036591636,388156.4722624829
274547.7776575222,258504.50834598494
83143.32734547794,88309.78402999653
221827.83921172112,226808.2993787161
191855.1254647829,182582.69889478222
176295.29376836878,192768.48963157696
144400.89273009155,157379.10829309726
152998.96235035956,149712.27609046735
147412.63324246154,145311.0850995201
327598.7344467413,346801.180885558
73658.22025423165,86918.41697338087
247631.24514047147,230143.0240542069
273837.70005807804,274373.1472185103
198906.70565383983,203221.48350491724
213969.62033110496,218829.68598025804
29531.819848968124,49567.56270495754
202542.8010142872,209904.1815259839
112110.0898217417,96156.54112095578
333262.29856726294,360697.11241793004
364860.7757610483,350568.9865575676
163216.62401726074,179216.06842447433
241786.9684645452,220628.7949863388
281532.04782446084,265538.0090124967
355599.1100452093,332485.59666813235
192299.83599664856,163471.70805502404
255380.46435259675,248123.7974242825
324693.97019929346,312965.88451637264
114589.40543721488,129289.02769707168
276289.40601970773,269194.94595473574
430452.2363690797,375551.9524187226
281462.37699121604,299555.5671020139
239390.8646033549,277483.34164744994
200721.7706618581,128201.14872478574
268678.6972164799,240425.29424596293
412649.7351507776,389000.0706092369
350592.3406424628,332046.1663058956
232948.05883465768,234145.95543627182
240299.55714664707,279267.8385665346
318513.51744601363,345064.7580957811
259303.51313653527,232982.39150362747
236785.437714779,274369.55177624035
343094.0274013842,366948.7828565735
338550.67997798946,328324.2783108387
345351.05718315573,366457.4782943389
185024.15281539952,211820.68595737996
176350.86748061434,147845.8533031071
311001.4275253006,312310.32286683546
213387.01938834644,199664.41452098265
212376.52494657965,225381.09214127605
205888.751554296,228400.2484447019
258089.5941743438,254121.13971276925
211069.56518043508,198662.28841822804
288624.79277593555,270788.5580632272
290017.8126917478,273623.1316270148
339110.62920991203,342246.2521793142
160284.11929490187,163843.27180527124
83298.50906947754,83901.48696135485
257979.8524917799,234334.6314672354
107234.37490456089,125795.532779688
131812.59245866744,112276.05764725646
248125.96243201607,239881.7546122897
193583.28690845583,202198.67370640454
294665.2849357782,319054.91549110244
377461.9253225391,403800.51330586686
279278.19781753665,280624.46431981487
125844.22521105313,92950.6102283446
391988.21855750657,398153.6967817866
213385.78571187131,220625.21624524036
311024.8913259437,308614.9120305183
263763.34638388274,253823.69012243114
195664.54362402423,202143.7996271576
385401.9789212827,407456.1197471996
263840.9906696631,289283.7913728933
171207.40609903724,139766.2909658275
341092.2871539381,339578.7393159702
145191.09655482363,184491.78671513108
158973.58958001703,158873.57786641276
248517.64331112467,253744.97860016505
298253.2470761025,306319.0682085346
378306.1481938978,383269.6607393979
125449.02002131242,134159.22778242148
151444.49820457044,146889.32410437946
251917.7681963599,242360.99916675134
107065.81190910048,114048.50453480787
247086.9801383661,262332.2768886661
350889.9962825108,354802.62745861436
504968.7537581719,508114.399129629
204956.76754637077,179776.15823254586
401718.1453181614,414511.1794840106
390561.0241974587,372461.8019592328
181116.8406171332,199059.56972764753
-15319.91528826093,1292.4021441728037
184616.1419432148,186608.02056282177
241403.06181019137,264049.40837386344
300053.79466591735,309015.99057036574
336132.709832047,333221.06876716384
323622.377441947,330537.9977675562
390550.022198175,405894.6640616564
173545.22979318918,165555.93625172589
106163.47101139964,97270.96226141321
158901.8886464145,187704.32493086532
311697.41068762087,311175.6555169523
113639.70130575316,90963.06648990483
282222.3550625956,275330.65118626744
235497.91867111597,250072.99870670226
280855.494635058,248199.01680491012
401500.9686314895,420533.48326593696
140378.57150375983,134601.20207012128
269341.0317139502,274203.22640982183
258968.93165599712,206427.3400013292
135821.22696972376,137912.3007244785
69692.22331996728,110264.70632176314
465380.4843408211,422420.7968306349
134274.77880147475,136560.89947053586
183166.94108525643,199690.73964669782
240084.2606185481,261567.208610848
303116.5766165423,270080.02768375893
400337.9702275154,389362.7919278594
401657.16899374966,408548.9726028572
180152.24057589564,171519.17223190962
399332.8596354632,408711.5265301619
325237.3976383884,311395.45594557916
573215.3609035917,538315.1030088023
172168.29059005284,178229.1998440224
116691.421027307,112132.49486770184
163413.75862937784,151975.2459783769
325186.6258115078,323495.0736049457
283636.3062362525,260254.06573788353
359243.74451634364,389495.78545654647
191314.0000150953,189992.3516990985
266434.9041522153,274342.8380652412
351848.8856436733,342695.1285188664
172847.47669524257,126259.36712224617
183403.6713571271,232664.3304034344
215232.1901162045,245828.29361613787
262452.2703830693,256962.16085129842
337026.58211583685,302785.76727592153
177541.72238506156,180649.7798404583
327016.156169581,350711.08370927296
440742.06698319473,374773.0559770529
223593.26558934996,194102.27194411712
341061.7157336473,370509.94498922164
349120.0125610939,375584.2112888032
333750.8787629701,307394.0446174689
154627.03926574963,150158.22258795224
332682.988312372,320024.5261820825
304738.60317955783,284939.7272873053
313174.9579207747,300661.6606132477
297302.3983489621,338714.45909896045
155813.21528337663,166042.40433205204
240616.0497129544,290314.09095786436
235221.3376780191,202251.17166803931
162770.80397112164,132506.28762603644
266274.4392146521,240796.18477966663
169478.5162032022,167991.96605708686
395394.2009166318,375393.8453095053
289531.94946106453,284355.497671715
236088.39354238845,234875.28490735946
255176.0527828111,206100.30316491763
222420.6428249773,213039.62113375583
239074.69028487572,261437.29179730258
173139.7696831803,143446.4945558039
569437.398878906,571561.7578196428
270368.30009095854,293553.55304975144
407582.4180413189,376239.163061012
186290.5975083093,191418.0492783402
410823.1138433475,416403.1408456554
453019.6669208659,465308.02673775016
82751.343416674,82102.89396485689
251893.9007976488,250863.8250601546
116913.48619547846,117280.01700017272
175184.5783131401,175636.27191939537
252684.9779950288,265620.6244610399
191242.5170626258,221428.63901468142
171968.57819859404,175795.93000130236
211084.01470674717,237237.62240020104
217306.04918098537,233264.08334913087
116525.30600140456,116433.68285764687
247293.53346684147,226230.33311488194
239456.0627151152,245397.52764710167
369996.9194890558,376893.9496359596
298669.4012690059,328359.529009512
290672.8656423153,347914.82085838
188640.60121668177,209424.14214884242
204044.27271922317,241426.31656919786
356471.0798385963,333091.2639900078
408192.1342456008,417457.4387052212
51877.865278964666,71947.88948021595
128417.39874275772,141803.85866234463
281083.80018465075,257281.32403764655
201908.56232989937,235724.68220357446
366610.4806294819,352227.7503450006
20799.00194479785,16187.659147946222
201682.57484957395,209234.9116495494
400586.208918285,333436.9230424021
241327.04669994485,230557.99316117636
46823.73032702618,4930.54896793954
216367.78857731452,207466.55227559785
354187.90954418865,342586.9839584449
211391.5010524524,219028.82524927583
142754.22866708788,123534.69303999768
342463.69924520084,366262.7336466696
167355.92207698466,190760.3019058285
145606.02892286133,187255.23320391958
368755.3198730644,361019.52338756755
164144.0011966411,148604.52582726494
117317.05670749348,115310.64236721005
148361.31336628436,153475.0840426143
204266.9769891713,188628.324959269
298984.79174227413,276250.18159762525
224101.0789882715,239056.0052397031
226938.5179565916,239135.62036561436
213694.7613007173,217231.63899366657
249084.8670115014,256016.68127151893
77359.12549636132,83050.09632332873
355056.044560838,331576.26699804165
226519.61868725708,265473.00248749653
275694.63437192497,288573.6427436811
276480.88422420097,255689.532486655
253941.7787349161,290498.4004522677
299450.4245209674,302700.5493445452
130362.40047047964,162268.29094921998
310542.6665358384,308789.17025911127
339840.3480340755,376076.9358828989
307190.734519378,313185.1726123458
305678.5966446602,307304.8956680538
294229.8728652548,310228.4995290408
249128.4349086873,259022.38575657058
353388.7185498548,355649.296136955
181523.9317514236,147051.56104310445
170704.6200183288,166977.02941209427
395849.90361546073,390527.083801899
245674.49809580692,243164.02191085173
463643.2357967129,481856.9905377957
266217.47272394405,264859.73832026357
280682.15980255423,281991.4151514998
316947.41309450974,303470.8550225643
218145.72663098277,202504.35380204927
452204.32485050434,456223.6956296694
390404.1458815453,370017.83672682795
208384.26260231136,176548.09357987338
305700.67879983265,327880.2792451145
208360.31669398397,187760.79485590218
204273.4316299708,179352.4571758066
-18514.11297754429,14019.911694481925
245147.43479392765,239758.10588712784
236310.8841069754,254030.82002738386
136588.29905149262,142832.78676349402
213016.383378125,223901.0825715647
256106.76125914027,259026.26236755884
210325.81575889053,199596.56112199786
227230.6927668325,242871.48088187783
220316.9787236052,187160.4996033218
208751.033439356,205822.06712384504
215783.15786685192,236618.40693510114
398255.9044795266,378421.20092765166
274871.8448152154,288973.7706883918
346986.9468992906,365512.507069554
71312.71643392213,61926.830226605336
155328.7810207716,151174.5117245039
256455.97111450223,242338.26388418104
207365.8216975199,237388.9919946811
304355.63358700206,308271.69168128906
231975.41778128283,259268.50255226376
292522.4540073676,288315.2427930085
135195.91146200043,135355.3546481822
233006.7122549649,245819.34583199245
383009.9428745191,405956.90456735773
241850.61039340956,232468.0350339455
181208.27271308177,169887.95181194542
228972.7327093799,229759.50802460877
382210.10772098514,399626.7791986804
362511.7871759049,369263.33660163224
172982.61131763243,193680.21502254167
299774.0089481392,278585.0056557224
266563.6653834795,253076.2752005706
202166.34408230093,196868.43027138966
344475.0017949631,346670.4806375475
285789.3557747643,297655.91144117137
213886.8313450518,215760.93068368584
321844.8638936691,357336.17343492137
141488.2794829169,147823.50040433582
335796.3714169903,323635.8709171659
181375.6221138826,188906.9257439285
339649.64551282313,332284.5073693869
283351.8654094477,277756.8593702892
391699.41332456336,384474.7411690883
212034.10199389755,181621.28805183226
140558.43045219826,136770.03235099488
352729.00986826414,333539.1607508204
297519.2301004913,319268.4257554813
184686.95537709215,191513.1799343584
154125.4301917959,137340.41618080524
258724.935876098,260762.39221832954
123882.94746392067,157315.5610902341
130391.83323611355,129441.5882149854
226866.58890245005,207405.93241638012
287457.8321139856,308175.046396768
356224.504464413,320516.39146622096
104895.9640027118,95084.62821243276
312008.4097512983,305793.5812089884
288242.35079563694,273459.0918346113
189809.24881432383,169200.1525984999
289182.45057306526,274162.96294744214
356679.9615001401,340947.62880772806
227230.7703354157,213979.26930913024
234998.1251460754,232619.88374621744
87075.54619266132,82578.6632706414
234798.9318297677,274613.0593313635
316928.03035265126,298162.5365773244
256678.3452576051,258455.3089602238
287720.57425366744,311600.57600674924
8232.284760287825,31104.742674708075
68554.01299826837,61969.41769116779
213900.1788869597,216639.44374245955
252944.64327106427,283933.10126415297
334338.0365355266,346801.8079507729
310399.47219787014,291352.551978079
195321.3417185588,204604.11202122844
358491.5854161359,359836.98269912176
157299.59688358675,149646.4200073757
260145.53646472,279683.1325415394
344140.68558946246,328027.10802418727
351056.1568136169,352345.09942709387
261988.6923256064,249353.17426203308
346671.30797507084,345505.45058247907
366695.2208116311,351679.2405287866
389001.6893131601,411014.98524445074
181709.05136801812,172493.7069369514
60194.36016309136,48485.422517176194
165364.06299974947,164400.80948028617
178031.3688041744,147407.61832307326
207223.32846600437,211573.98775404895
270334.89987708296,251004.98329370123
285505.9698808933,287981.79400077095
22210.230655860367,49939.10260058493
345892.40098894737,327253.9219592623
122767.10195888724,110866.95584462356
125529.90236600966,146946.61379796627
335485.24994807114,332547.60205911857
158878.48649437516,141212.15360229794
288796.0909268997,246672.3535663539
246737.8328069033,212196.4300211078
234758.681166199,243827.9512686726
296322.5759446088,286189.2677332397
299405.54830388585,291482.20203822275
239555.94713594465,231101.21319463776
303616.25292015803,322656.61385514325
250369.8994223615,234043.15333166844
441168.9338786985,407863.45265869587
348277.7381276555,382493.709985707
282099.9712421512,265668.1147036567
230918.5447557046,257433.74643635724
161408.29878617794,219380.22926407802
355161.524280214,361782.5715657364
342084.8482482235,289043.45554127387
159947.97212025907,134856.81662660098
290550.0843155103,282744.12145355914
315716.37937203725,291983.67034396395
144128.14840983585,159716.76529149886
358448.9502417388,376911.80247890105
330325.5569203982,371028.6676212337
272120.6342624356,329590.5100449048
393359.8367925844,375341.1166070702
173238.8141823916,159758.63923200005
391086.2045152208,365050.99442509894
170547.8423719148,158885.94962571224
328986.6333664507,317815.4297571
292822.44068361336,321311.6326426616
196364.8177794535,167529.09297416545
410821.6795801595,433068.2756850748
389021.4875704658,399098.91957465524
238916.29880636567,236882.07776977628
104255.2995624466,109403.10801945787
126040.97260857376,127236.52763558115
217771.13221163023,203667.87144038954
397864.803613412,394503.5672159808
192669.67051892192,212154.74499596152
165454.7798922827,177271.639249378
78213.93987773452,116757.88421977605
162580.77103504416,196983.43504701112
177125.3825902559,179276.31425478324
164176.8064094099,118334.95436493908
421528.07292893325,401671.7985690354
150658.5265406609,132439.43581242865
196204.62809459036,196693.8559686197
301212.70197721897,288328.73131045455
302474.9459953021,270528.8506789302
219727.7314805306,226378.76470164617
304913.64286804374,289011.2220527087
193797.7931084501,187815.09445493045
138458.64999381793,142576.35450884938
321918.7751318424,316451.301393307
169660.33391917267,153967.13241452197
332655.07145842054,329210.22805477754
159853.930755183,170232.0271847669
251855.81682042388,219281.22600069828
354729.1423600885,341364.14030762395
327993.0060259277,368394.89125524036
33182.62043760939,47979.69869114022
319447.57357437466,320549.8050903613
121280.56294509328,118720.61422841283
267633.50939373096,252371.98270523467
283190.8542520959,280707.2741005082
305770.0737955868,317694.0166299018
288811.860542077,279262.17857037624
114379.2352597513,153959.9141219586
275823.35331254604,284135.97680782597
359059.22944352595,344051.9914618754
220285.4247301761,235078.61676075228
257693.7061547777,270761.2797867789
105247.75481141376,109898.83731853619
429825.7982577044,432952.38802568754
461116.4179926061,488576.10699607345
304346.7363226621,259393.95476530495
216194.79237271537,228874.80883840536
191367.6344395356,196319.36514042912
280025.6192920897,277283.2175297195
292964.8486634239,253835.26886221653
186348.04652010303,186230.48183939088
198734.495474337,197134.9605877408
224378.69402168848,219286.8504038982
349151.1706425459,358266.69089618686
242945.54002287547,240484.63636390868
177010.9610088892,166884.44350604
211480.7192316033,236472.43198414135
375910.7148074754,363104.21209440596
322677.7290333884,287196.26140656223
277829.98863533296,292576.4123460824
138180.93779799767,152278.91906517124
159702.61074716755,176443.51796319886
398519.0367478169,396935.02810140204
303349.55726341566,305777.6375927031
233590.44613282807,202476.2863014709
290319.7819579559,261032.05150358478
229247.5501431028,205179.35091745862
310555.93879843183,304455.4031452332
158441.0234657945,141587.80605898192
184537.5975895057,202682.7520819798
399614.437487196,385767.35524256655
312571.6284115281,305994.6051144488
272755.7721537154,261891.18385143607
361877.8468440276,375396.9412216304
263674.76626705925,274696.43713650183
333260.0810052116,301640.50526282535
280715.74336795945,242202.3427754394
199485.844043022,218499.14534089668
237239.9488376126,215505.5914200937
387018.911796385,373065.74650667637
203804.4663307113,195162.08308077784
287554.50587365485,276643.32350486255
300051.2118765632,299344.06401318137
322203.1420021549,338027.69909629924
261970.3831272187,273800.1630945869
287005.48426833743,255103.67004272508
149295.75356551295,189884.14805857826
368012.2021349567,415123.6243042268
355515.75754669774,342603.98646523716
143993.2652644228,141227.36031819685
283725.8365765184,296872.6635620903
191091.12689852496,183804.8038685768
197275.11032326563,251296.48022322785
268869.0712263437,261587.17638568935
421217.9464552501,439745.6729697005
334945.0337128783,327488.9977649099
392784.8754480529,401071.5568768156
286828.4242695641,298421.8964856391
259628.9275186921,277216.1500190978
173666.92260820707,157365.4403608244
211514.24681578457,210334.22624883885
131339.71831268043,123545.10044117976
341952.82720327616,370623.1430365583
221496.3813375788,208505.3796568479
89523.75185320931,126303.04148238519
350885.9117167798,353545.3027766784
235934.546749384,247424.505465562
95019.335897092,131137.96389244738
244614.39589330336,242634.8998385357
315081.4088343114,298387.9729792582
289306.709058439,248393.4239128546
394195.4044257946,386657.89627059194
133947.23609716806,144610.1930387795
272442.33983353723,284783.8092213108
414429.3433431104,449723.67201144126
248590.2874073916,258013.36727725726
152887.64231891028,190511.2471243681
189015.96549907955,184066.5192088469
198778.0997025551,190977.75962452736
357278.8810812817,391676.1971046989
240894.5002788208,238530.9563279463
169176.34735008393,162500.09316308782
392539.488265733,406290.0003514437
283808.2264414848,284497.55074586225
156406.3964914435,148229.94268951874
481435.66658097785,474525.8293102873
213946.5581514246,200887.22365105938
270773.94094004825,260737.3853416007
214702.46118999747,245918.22403622625
241368.91369640836,219917.90985754476
122504.74826472168,136991.41381757736
285164.1310392027,278930.0585062413
221817.0871593872,208619.89853521006
369953.7282694574,356306.8434705381
193177.59133937245,216347.62325056543
263737.13966445765,232298.06119495942
242635.0056906489,239860.73325196645
383266.8490002956,359225.44814906723
186493.8232652767,183690.0285666207
100116.30438118878,114795.29951809047
333171.20599828154,356298.33734177914
41594.28124965414,21067.77385995605
425927.8774638238,425641.3879604944
297713.9703201146,264487.203199105
281082.27257574623,278402.8485047484
204968.2916642382,218944.98011004363
245755.94109493252,255293.598634077
279066.4021707383,271533.34130087704
295596.38379611773,291484.2262262331
332133.07235966483,334262.9164855082
281913.4061222188,315838.7017239206
182149.79243577595,165534.02401740203
214951.29857010127,196436.28531883375
109600.79561491866,126938.76742878927
192773.80748224453,196352.10127288118
337090.5896673409,314445.6016296676
215642.6998999396,211394.0198434196
138785.1707872125,167389.25370508578
206010.7575140648,212388.45985563062
357998.26380065817,345524.7762854404
332874.9818870039,329738.84012908523
57522.52699083089,58842.30408238897
289027.66273098625,276812.9664742456
440619.7338951049,447347.8551759716
268556.4261053271,261347.87274162087
334950.38477771624,308011.67375059176
176074.27258089447,153459.27234249536
292794.60341677925,282290.781776836
390664.7953868469,362961.32163999183
474671.9012172477,438217.1251805667
241081.84195342573,227464.47635312233
162955.472303478,183469.49291291073
330944.0873799392,306688.60233538033
409846.5639072325,388936.4226990846
386589.5550924123,392142.6322141686
366135.7467233128,352474.40627671155
225047.8407252354,218427.82322713351
63788.39508262591,57256.71038062783
274571.24589963706,283125.4222829853
401741.4003485168,386938.54349625146
264751.8445692937,254109.52959448996
213153.1347840629,235347.84643735233
64957.58001698056,61173.39458208543
315118.3539394522,287407.37812349346
250674.04788865324,246336.88229642896
151588.4646095663,148235.13835203653
387648.1552084912,366339.61399708723
204783.11744687663,179891.24969235758
350491.09434187866,371103.6510124745
456679.6003437867,440316.83823078003
356393.68340283906,354959.6715919234
443028.1113687075,414001.3531956531
352461.9978493348,336750.6224477345
237906.29351828905,270604.8325790612
228733.06430959012,222528.45286807558
48708.4217208698,67713.04159858952
180383.3862356704,181365.5158516261
305227.36316641286,290205.75314245856
259891.51507953292,290494.9882290419
290699.4405097503,307204.6912018143
112655.98797008864,117724.47539977156
212625.2203055951,203239.365104877
211105.2862674149,231395.18194689864
106149.0259620892,108059.87027105193
135224.47088867007,148306.38624790165
344867.5018454037,360324.33875469957
208979.80370885445,218899.1129402307
197124.71201974535,199579.20025402028
166328.29239684847,152083.96179817084
344893.9693355682,327814.62356923136
292564.8258093269,292972.9158339381
173233.4215578335,156071.33989396913
267045.97618440527,249831.11249090475
31445.09116540787,36295.19227594514
207045.8745434536,236079.06841221353
373717.6697872928,413822.9271034102
421160.44341691263,411058.515139943
297345.9362575643,262905.21431802213
108729.0252697819,101987.47950546228
369114.1581899069,364716.1307151786
227588.17974834732,233762.53573150694
419235.94638494105,430863.9041154839
394251.3386375226,375305.70005323953
178947.60181955996,184937.176865906
505926.6157588808,465424.1430307271
256471.2327452512,229405.45819737006
198861.76730991085,198187.54078231586
293775.0919642272,300106.3799908907
170514.00455301756,181640.53708940532
378387.0295622996,385761.0089932013
391568.7115869636,386864.2981293082
288504.4351665857,313633.8662195353
230641.37433192309,238830.9351112076
363812.2213436778,374506.4067093154
202238.13583169773,233947.3856332482
269780.8241947879,269215.5755761818
257201.11999739165,261965.6556838575
241131.23392495388,231014.87319640056
361655.10927355103,369411.82088682713
268262.96798627404,273982.7170883692
290783.7984339968,283371.7650834781
402331.1165897883,384404.89933288726
181759.30449549624,139720.2006938484
405790.3870259122,382477.0367240434
391638.7036362118,374314.2860353802
261040.94655085643,273436.6239747171
249739.73389368108,264706.06899607973
252184.1939057783,291350.57573927625
293386.2525204645,272835.4681300322
484768.7627638753,448038.00270220556
453669.8170492736,467145.20949879434
343029.73076331656,346523.5008413922
383173.1365613412,380738.88774776465
376583.17956325255,353502.6137028506
368580.211336215,352425.604659733
473961.30410915264,463478.1141473912
242021.55526137305,253091.44812274165
266184.0391526555,257167.1051140593
289624.47886981926,340746.443623964
374847.4400065855,378480.66910245747
379866.06618812575,380322.52519806114
235217.4922004527,217027.3924576897
234019.96349844345,237205.1938506983
423315.22187088337,402299.582698464
291025.83041021705,291131.1272712126
446861.078479067,462932.01304536295
145699.4133816025,171998.48595148453
375444.0318774753,401642.8683261794
146374.39423200747,156243.1258541806
254490.67321920485,244702.31179125354
378279.129940312,358848.44189040747
303724.0837494892,301205.6549817073
241406.81501724655,267637.2853155827
194204.05225349063,160022.77450112667
165539.47680737934,156889.08342979822
169821.07863368728,181047.81099469785
389085.009672285,398257.1287151617
231136.02762070968,251038.44803801095
271007.0963455255,254031.79056803064
258057.68752889652,249135.21016082919
311700.333921758,316789.0896429423
140376.6513873617,152751.12081183412
420355.78171750257,412475.7740198985
65420.37334700252,72976.47935629576
246758.19198150412,247201.5403205681
373322.4541769524,382524.79514351586
216037.2023230476,190507.33707736264
235262.4626158588,208901.96029442374
162240.97054153978,189298.59652643008
250586.71666753927,278217.3499390054
372474.35935939295,403103.56913902453
276245.37058465043,258831.10370969624
489890.07902593625,475929.93078269024
185205.06298339943,177713.89241817064
195345.38354410196,184815.47678092797
232972.23330951243,210714.62369234848
90350.82092645008,145501.93744333947
410191.2781482226,382434.33813832514
90712.737376943,78700.83432421129
368526.6398535741,389623.63513034786
156877.67425845852,176822.71694232977
159635.93331586177,184954.8877613883
255491.5370870868,216205.92368750798
250371.558134956,243568.87648146477
377719.5312946101,408336.54522868816
348963.51144503243,338685.2649789444
342361.4727899046,343434.9099618899
255132.37930200147,225565.74379336962
266713.48124094174,271952.57630439533
280106.53608036385,283889.37552593614
177895.8499515695,176665.97316279507
405520.9032674232,405249.75755650504
214403.7102051306,211129.3429174904
278951.69747640553,284527.67892776005
288266.5452900099,328586.88010561914
351443.83658966643,336478.925702411
454993.7745268766,463674.84341311664
184887.95705395157,187867.31766866762
201868.11588766004,188139.00287247525
293817.72026092286,269400.34324190783
148980.04513308257,150161.9781225201
240086.5221921956,250757.07501592409
240336.1228684847,225873.76648113295
179893.2163585531,194009.62210715018
192311.03617546248,198176.7038208827
149588.83009984408,151362.75300801976
434940.4589972368,421709.20194456883
361088.7072092723,335312.7484440835
296504.0820302342,318155.61102296633
269609.2826606819,269412.8488847511
129879.99152578309,122074.39331919765
214569.84518322392,210591.66607056564
179025.70336416148,153374.45151691337
333868.9951378348,290435.0609376777
300179.8423582654,317483.7067381009
224640.0843870167,215785.24924305943
410118.2749204991,447703.13136218616
-12819.872684730355,-4203.947515100681
279127.5355244609,316219.9399518284
393991.4961798473,398810.59118291043
178341.56563782564,226987.57427180494
134456.8485392981,164410.68045886653
263111.3105573402,256087.41850562615
55654.599097472965,94449.46571237437
206044.35850754424,243621.12520321412
274752.04269965645,296933.39226017427
357759.4166072488,353128.0613831854
164631.21859596777,161280.74491609583
261557.10000794905,269499.9637411921
204574.5068577421,214511.96035214467
352395.7203502257,340034.1985979695
163051.89866336292,162848.87887082124
80123.53900307654,97492.5188219626
269777.66306664306,258417.82345707447
364243.213405976,354400.98923229653
353699.5545378418,348508.6221095508
89623.56226370973,101652.35334714317
144710.46945882533,147474.62512444874
361145.9788536903,352040.7248957748
151671.64167044236,142431.7654814955
156043.6451852751,155688.4233449647
363410.88652849017,361926.348772207
169702.67905999682,155414.26561131817
381120.5885603788,362842.3526076754
282679.320589624,268618.215087296
333213.03172917047,350860.4420276038
262621.2305287866,267361.2732665168
220528.38310336127,198755.3531932909
197007.75652156636,188309.3489512293
100518.80508459693,99491.09931690454
257901.69244600032,308210.0509331721
235090.99588021316,238147.39661425934
259066.2533570076,268343.5349712137
271869.9393886407,259406.9046224947
133464.72420160056,142429.7516975826
171625.50029680712,205288.01870373418
232416.2277586338,254338.40869573408
297443.0984876104,264208.03436342475
178456.95814336467,192966.92794071024
233365.55988619837,234426.91424642687
403685.15407561866,389934.4805414634
312511.2997188893,314081.79639174347
226065.86077136407,216925.49772744556
286702.5840802676,301366.8166030134
314858.3558489209,344924.45929568633
199641.4190030506,185400.1032648038
239628.94906879967,262391.63706772646
355173.3316773317,360066.98530754214
402593.7590540877,423901.9005088537
334197.1382952436,326868.0574383828
213927.7561067071,181454.56933339228
383823.3110446118,389536.9665384879
110748.46412641623,112953.27960690981
320242.42601814924,309566.4484441323
223277.44694094,234666.59052834162
176059.27914981492,165863.60550507586
227231.77118558364,231234.24576171787
291593.7643135098,290784.8393265383
209626.48236570097,201036.8234084309
417563.1362621709,381383.5688519957
295830.0733030462,293462.65775812085
207267.841602928,227421.3714731923
65207.57402335975,75502.54837732908
205841.89088681937,193744.8057892243
412402.1135632713,393887.38479648577
297595.8684224172,307235.8197086892
267608.0123395192,288805.48893665546
281314.2534665411,254587.64794689504
457263.4153549864,454170.17525070964
231912.827085592,237244.91722700026
178552.36761715915,165277.28347124808
266100.5130174071,283610.0771476645
237851.1258527596,223996.7390994981
306583.22014416533,283746.105899836
72251.47822491515,65023.25481039168
238461.33672653028,257939.3724677488
496950.6863475656,499560.50064580125
379192.0188004465,387893.09516391647
114542.66910179572,140117.06727903278
279225.80220859195,277721.2139479242
200951.99737276384,187876.00464255767
183360.85313440504,206820.82542503267
384513.9165508391,367269.97062972136
190276.751249792,191551.29200391742
307243.8220865658,310735.0621881903
293409.7693265467,274823.62361540075
424141.6004567807,413281.0505449325
258918.3930934245,256059.9155357695
315243.0645584589,300705.1295638338
252356.3273247345,235410.44775769216
175063.69715367595,185781.04283321815
466696.69634671946,449503.40530327155
212567.22209653,188227.7466038666
248565.52144128009,248480.02257455426
262402.98498005414,252672.31600166095
261971.1135483384,239808.35133997083
323398.1629576243,284873.3761491654
301538.1935447778,309100.6841772051
192261.62535114528,169739.18878083242
331495.60494342144,339795.07271755283
202250.4999582164,183797.6963233574
337625.4871514158,292577.03981258767
320184.4499538612,325605.62696417066
504245.2395464239,515527.129979121
532605.6023174112,516365.40561982256
304135.3625629766,291760.48830916994
261780.7648379814,247508.08082439116
398073.99732769286,407068.45191767265
218292.78425532085,250161.42198783826
376903.74351503584,367950.2048555279
192439.57830116645,179726.6319427947
372030.4141630049,360677.2778942385
248056.8446403436,254533.438647894
224791.4223033192,206225.14166892902
285543.78329734894,317010.7886198131
71129.28966940526,67192.17167391113
174064.5054699915,184389.18035972596
239453.28719883453,262263.22564861225
265094.3906264556,244518.59103163553
110401.593940314,97090.39885912489
90640.47629518351,105112.41193435641
253489.2999195601,283247.39348732255
337946.3108470085,339343.9553580739
282429.8011915717,268719.94824933214
334849.96984738647,300185.3508012441
354099.76189778105,346418.1130421556
305801.7155575706,323017.2429213768
187415.1576281642,164526.4779768344
345119.23198630137,359029.42044121993
350697.7323363564,340218.7169212045
346145.65699613205,338864.5022324299
189179.0633942185,212741.1646695442
264350.3247276898,270376.3622122706
472518.03660278657,489740.5358977003
451681.7212014321,473826.9770339922
227005.01032599944,238636.56859833235
152380.50072214004,139151.1827558874
9752.509217217275,8409.54330444531
448303.1465922674,436060.222890144
240060.58526632705,232860.81132097822
299856.60152266634,316116.6094960861
280766.8273785404,243862.49304132655
15078.480231871068,46958.76604614015
230477.68516191043,228263.46828291073
347268.0941640581,333843.6977423994
165144.4730015535,171342.0497933003
254427.98401274197,244668.12939699774
281443.83564570657,310590.11779618234
325323.7156945408,314235.8915056683
205288.51422704657,214289.36532118358
111593.1084523231,111912.4450726057
401482.5382687419,396080.0321148209
480589.5199688864,471243.9064234712
296422.9651790333,317575.92013333115
248477.8267185453,269858.0712448272
155396.6329585863,153705.5336454851
406099.91720817983,372366.5997447465
344520.8689384844,364179.23127454467
284924.4058742556,255640.7120221312
194415.2055480418,221776.10908096048
242606.0934925176,248243.23724760328
212489.6975880836,202320.3925519469
189014.1314655123,217912.65330952674
202123.620269189,182695.80607848123
278646.14759685186,245914.79831980803
245813.6158933074,245742.8773973687
156842.14102009474,190416.4189625123
307945.5116155496,298702.59909638687
508108.7827139807,499221.84726792906
212515.66431976375,204174.20427468955
515830.0024320595,495450.7955035662
105241.66214734268,101054.94081122428
244933.59875043592,251342.7119305183
298908.2674229284,273853.7002411234
117766.107232494,146149.04974616045
166520.94519540228,165288.34366445857
299362.29102608224,290477.6362706443
274302.54994954675,288383.70500812633
356236.3503706648,388991.50031882204
404188.0538447149,379464.4458976908
458406.741293349,487050.185555263
267631.0619928785,270696.6923078676
450244.2808849504,463017.3829039533
193185.6788055348,206867.24105020502
175920.8710427933,178690.8706015666
360858.18460107455,333873.62114694325
285895.6354649716,277853.2640570011
384129.91563608206,381926.9707547226
393868.2206649099,379015.80184992956
267267.8689329166,289383.72425489116
226439.1153764556,210060.29798427282
212979.86315004047,254557.5663685951
396631.2048592407,349025.6278781089
318687.43160699634,324321.41631581733
219625.46776684665,228779.81452285583
256663.5252456568,265849.42606710753
322696.7268281803,344249.0869980566
248004.04649792076,244417.2505941473
175657.63394956727,183819.99594185795
178577.58636969715,173905.57309541252
413321.6298098578,381088.0075957708
229338.25540141575,244295.5174056738
76237.13307884276,93801.11278357488
228599.42517802157,216164.79048369513
114283.2205769782,130854.49661300145
436764.8792800398,418156.75667240797
311627.6605948241,295236.633621112
244608.9673066362,220134.57124273555
298626.4420548456,295125.42559967283
222350.3219046351,213491.34466134512
248428.2053791832,289942.22089569404
178530.42554139916,193055.38959177473
201765.42077753125,201608.15741317964
385452.60140714864,392424.48574178206
288641.66936005646,272934.3228907501
353907.02389241976,338545.7749486202
183481.3870764096,200426.11647432394
342592.1109215333,334392.3251823784
145368.03350784676,148461.77987947353
205682.31468956915,205180.58921459457
339315.77358326,350507.3657806948
270808.80221157585,252562.68555043053
300224.28110006085,308192.85758725513
335446.53781388514,346795.64642123185
215086.39500267684,189722.75318049954
196683.54791443824,164022.9702724095
167412.62047830352,168219.96741656424
235351.45914256567,213284.28763882743
133635.7880332556,136595.1685315209
161983.37502370073,203003.5565484756
87435.90920264968,85625.37326447174
391276.5276216716,383081.7638082491
317208.4734813954,316720.95170748234
360125.7261645856,357750.4827706095
295863.6608059242,309016.460762542
392938.1167626592,389861.8939542475
415507.2118835817,423295.76045284973
217749.3332664189,197996.05068391166
300081.16371179995,296570.40788228845
164241.39212476535,200964.57126905562
110698.75828363832,129276.48183023464
277265.8267829585,294567.11573601404
290822.0260844467,275615.74740242434
241390.07439346172,265688.37267537817
228788.3354704326,245806.82371498755
112960.47898400782,108899.40216077436
410932.6015819411,398440.5433207463
190286.53104496,183749.55194883407
303234.0563094802,301055.5504095047
244784.33482908932,251337.30012035987
223180.08106346187,222247.80458958348
294081.9484590215,293542.7785063251
216309.82257679853,167081.4931714611
200349.86801333204,199568.53089101164
182269.08920284853,206827.8705886422
189895.4847557877,175517.53879104205
310212.3470398277,292553.73296311445
193008.15700786497,178473.96233747728
229181.73211938463,190335.88495995558
152925.85861422273,160635.9968125644
342832.2297940015,351540.912515902
207883.08965265792,225858.63650857098
241568.3977323869,238830.05008591432
400901.71473415085,436905.94506667403
107046.27697409288,123782.37662649764
340294.0501914008,305675.17586325615
194515.76342113188,171692.91379991054
446085.347899397,454708.4437992988
385027.3499503692,389777.4344586819
220897.89750407185,228538.14527627
239281.4129180855,233191.39674829127
141730.54495191269,132964.2470822293
199437.70501410303,220501.3064515882
328205.0639212948,322851.0427685411
433287.67036683584,395853.7283615667
257221.1925776505,233670.65578602278
97924.26177687295,119611.15329971767
275900.58243782324,281156.3944426631
461166.9630401047,459202.3269858164
174133.52860548027,193007.39862684108
188770.853482874,213215.70658205534
297579.54941630544,289874.99192582944
304544.8917853648,295249.6683559691
169806.07601723203,146802.07727471399
115987.7387240014,67130.5241962013
407273.232760762,408850.9635750461
247887.6916014966,245165.30823577655
106313.92943129734,93423.77207662273
225520.6504548772,215708.69779048342
344573.6958855761,342641.38819042157
280752.8717917568,272592.93915269925
207283.97993775763,240891.64313839067
313676.95575761853,332873.8948779136
251627.58404881333,283205.4722067656
219140.16624975955,229174.9246015105
336310.27325687534,347927.04735766415
364331.2509587736,369671.9408153417
336910.6156734014,283125.6543398503
246768.86784952204,260640.8288022021
154840.69905260758,122457.88525865626
307333.54375208094,298031.20224948326
175874.79098821568,194243.73203874586
180919.2931601256,177068.87943791592
300918.1476221259,310171.91319993796
298971.41282352124,283016.89615863544
447903.8079575941,414892.8996080896
249734.01414776515,289154.5984090839
280914.208479911,244872.1766507189
387178.4481737971,396018.72913308145
236318.68473590165,228108.31675370314
290083.9455475708,242811.3496361316
176490.15571532788,208547.02857335008
447498.1884402728,429997.54989305435
238989.38639833184,192114.05186863322
485518.6551244781,437465.2835042593
206505.77681574688,215067.30848035836
248090.72488859989,239457.29281409568
262483.2480486121,240505.99515434183
225920.08485585332,224100.55554110958
281592.2118160114,285279.6615027537
324608.3149676449,298908.94086328655
216986.71586494325,222210.06983217195
288252.0643448734,315928.2084285175
207523.9617346082,200274.91740260366
219669.52766205865,188167.99893100886
381902.78662497416,383034.0960124294
3234.822358795118,-19438.404110744996
232998.6899469903,212084.51463039324
380270.4870625221,381662.3181605041
307099.2564774197,320790.04872563836
188853.62132949848,183706.51759040717
286170.8308355371,269285.5070437411
306812.67588970345,309123.78711252654
304366.26823259634,330846.7935824379
285903.5645322276,264435.7764151298
367193.7468425255,396054.43252493715
115997.87188349584,84901.97427600727
134846.44789532688,181140.3600227721
178039.3912135084,173375.87715762548
268808.5672531276,261403.88048949616
401911.93207812496,419782.67579486285
396101.19709656615,377236.9165578086
274290.98509805475,284206.6519448647
269481.2931437482,239519.20761245105
316608.0073383741,303200.1499855583
268839.027576578,304614.3451128428
238907.7785077869,211346.933536369
280009.7342854458,281784.5310386685
212569.8395549777,223049.95307729996
235349.21535256488,245566.2215849429
253861.0143311043,237990.1048509137
301938.22202292446,282519.3137128759
288582.2939803439,282800.3123987147
302408.1910191453,281702.38278090255
296965.2827788987,288028.18063772965
156664.21472953638,161027.69630213885
197847.5238478233,188451.9038067861
315573.9621787809,320037.26156666764
216537.2258998642,195169.0075927205
171997.24340535747,191828.77476207018
183956.762198936,161530.28441562594
251539.8320388708,266350.3852366458
142342.02476431086,144253.25007928934
106198.39943712074,117032.43535218736
241846.90784314496,241304.98129435276
230026.7243023671,219477.3029738356
231677.7110299577,217211.5560542214
239328.38036226196,204368.65039935592
269065.92543462926,255515.82935122916
94292.96543425952,92506.44964007159
233757.12023016685,224175.01385816676
265987.09961341263,261253.08848688376
285479.3584090973,254935.74566457135
222318.90569014585,204914.72083004675
